activity,concept,avg_number_of_concept_results_per_activity_session
"At, In, On (Place)",At (Place),3
"At, In, On (Place)",In (Place),3
"At, In, On (Place)",On (Place),4
"At, In, On (Time)",At (Time),3
"At, In, On (Time)",In (Time),3
"At, In, On (Time)",On (Time),4
"Can't, Won't",Can't,4
"Can't, Won't",Won't,5
Change into Proper Passive or Active Sentences,Active Voice,5
Change into Proper Passive or Active Sentences,Passive Voice,4
Change Sentences from Active to Passive,Active Voice,5
Change Sentences from Active to Passive,Passive Voice,4
Change Sentences from Passive to Active,Active Voice,9
Ernest Shackleton Escapes the Antarctic (History),It's,2
Ernest Shackleton Escapes the Antarctic (History),Loose,2
Ernest Shackleton Escapes the Antarctic (History),Lose,2
Ernest Shackleton Escapes the Antarctic (History),Off,5
Ernest Shackleton Escapes the Antarctic (History),Than,2
Ernest Shackleton Escapes the Antarctic (History),Their,2
Ernest Shackleton Escapes the Antarctic (History),Then,2
Ernest Shackleton Escapes the Antarctic (History),There,1
Ernest Shackleton Escapes the Antarctic (History),To,2
Ernest Shackleton Escapes the Antarctic (History),Too,2
Ernest Shackleton Escapes the Antarctic (History),You're,2
Future Tense Verbs,Future Tense Verbs,11
"It's, Its",Its,2
"It's, Its",It's,4
"I've, That's, It's",It's,3
"I've, That's, It's",I've,3
"I've, That's, It's",That's,3
"Lose, Loose",Loose,3
"Lose, Loose",Lose,4
"Of, Off",Of,3
"Of, Off",Off,4
Putting the World in Perspective: The Apollo 8 Photograph (History),In (Place),2
Putting the World in Perspective: The Apollo 8 Photograph (History),In (Time),2
Putting the World in Perspective: The Apollo 8 Photograph (History),On (Place),2
Putting the World in Perspective: The Apollo 8 Photograph (History),Prepositional Phrases: Adverb,10
Recognize and Correct Inappropriate Shifts in Verb Voice and Mood,Verb Mood Shift,2
Recognize and Correct Inappropriate Shifts in Verb Voice and Mood,Verb Tense Shift,4
Singular and Plural Nouns with Matching Verbs,Plural Nouns,4
Singular and Plural Nouns with Matching Verbs,Singular Nouns,5
Spaces with Punctuation,Spaces with Periods,3
"Than, Then",Than,4
"Than, Then",Then,4
"Their, They're, There",Their,4
"Their, They're, There",There,4
"Their, They're, There",They're,4
The Progressive Tense,Future Progressive,5
The Progressive Tense,Past Progressive,4
The Progressive Tense,Present Progressive,4
"To, Too, Two",To,4
"To, Too, Two",Too,3
"To, Too, Two",Two,4
We Choose The Moon (History),Past Progressive,11
We Choose The Moon (History),Present Progressive,3
"You're, Your",Your,6
"You're, Your",You're,6
