A,Determiners
Active Voice,Structure
Adjectives,Adjectives & Adverbs
Adjectives to Adverbs,Commonly Confused Words
Adverbs,Conjunctions
Although,Prepositions
An,Verbs
And,Contractions
At (Place),Capitalization
At (Time),Nouns & Pronouns
Bare,Punctuation
Bear,Custom Activities
Because,
Both,
"Both, And",
Breath,
But,
"But, Also",
Can,
Can't,
Cannot,
Capitalize Addresses,
Capitalize Appropriate Words in Titles,
Capitalize Dates,
Capitalize Geographic Names,
Capitalize Holidays,
Capitalize Names of People,
Capitalize Product Names,
Capitalize the Beginning of a Quotation,
Capitalize the Beginning of a Sentence,
Clean,
Cleanse,
Collective Nouns,
Colons in Lists,
Commas after Introductory Prepositional Phrases,
Commas and Quotation Marks in Dialogue,
Commas for Addressing People,
Commas for Yes and No,
Commas for Tag Questions,
Commas in Addresses,
Commas in Dates,
Commas in Lists,
Commas in Numbers,
Common Nouns,
Comparative Adjectives,
Comparative Adjectives: Better,
Comparative Adjectives: Worse,
Correct Messy Sentences,
Don't,
Either,
Ending Periods,
Ever After,
Every Day,
Everyday,
Finally,
Finely,
Future Progressive,
Future Tense Verbs,
Gender Pronoun Shift,
Grease,
Greece,
Haven't,
Herself,
Him,
Himself,
I'm,
I've,
In (Place),
In (Time),
Intensive Pronouns,
Introductory Words: However,
Introductory Words: Still,
Irregular Nouns: Child,
Irregular Nouns: Children,
Irregular Nouns: Deer,
Irregular Nouns: Feet,
Irregular Nouns: Foot,
Irregular Nouns: Geese,
Irregular Nouns: Goose,
Irregular Nouns: Men,
Irregular Nouns: Mice,
Irregular Nouns: People,
Irregular Nouns: Person,
Irregular Nouns: Teeth,
Irregular Nouns: Tooth,
Irregular Nouns: Women,
Irregular Past Participles: Been,
Irregular Past Participles: Eaten,
Irregular Past Tense Verb: Became,
Irregular Past Tense Verbs: Broke,
Irregular Past Tense Verbs: Built,
Irregular Past Tense Verbs: Came,
Irregular Past Tense Verbs: Did,
Irregular Past Tense Verbs: Dug,
Irregular Past Tense Verbs: Found,
Irregular Past Tense Verbs: Gone,
Irregular Past Tense Verbs: Hid,
Irregular Past Tense Verbs: Knew,
Irregular Past Tense Verbs: Lost,
Irregular Past Tense Verbs: Made,
Irregular Past Tense Verbs: Sat,
Irregular Past Tense Verbs: Saw,
Irregular Past Tense Verbs: Shown,
Irregular Past Tense Verbs: Spoke,
Irregular Past Tense Verbs: Went,
Irregular Past Tense Verbs: Wrote,
"Irregular Plural Nouns Ending with ""F""",
"Irregular Plural Nouns Ending with ""Fe""",
"Irregular Plural Nouns Ending with ""O""",
It's,
Its,
Itself,
Let's,
Lets,
Loose,
Lose,
Marry,
Mary,
May,
Meant,
Meanwhile,
Mint,
Misplaced Modifiers,
Must,
Myself,
Neither,
Number Pronoun Shift,
Objective Pronouns,
Of,
Off,
Omename.,
Omenamex2.,
Omenamex55.,
On (Place),
On (Time),
Or,
Ourselves,
Parallel Structure,
Passed,
Passive Voice,
Past,
Past Progressive,
Past Tense Verbs,
Periods in Numbers,
Pleas,
Please,
Plural Nouns,
Plural Possessive,
Poor,
Possessive Nouns,
Possessive Pronouns,
Pour,
Prepositional Phrases: Adverb,
Present Progressive,
Pronoun Shift: Plural,
Pronoun Shift: Singular,
Proper Nouns,
Quiet,
Quite,
Raise,
Razing,
Regular Past Participles,
Relative Pronouns: That,
Relative Pronouns: When,
Relative Pronouns: Where,
Relative Pronouns: Which,
Relative Pronouns: Who,
Relative Pronouns: Whom,
Relative Pronouns: Whose,
Relative Pronouns: Why,
Shone,
Should,
Singular Nouns,
Singular Possessive,
So,
Spaces with Periods,
Spaces with Punctuation,
Subjective Pronouns,
Superlative Adjectives,
Superlative Adjectives: Best,
Superlative Adjectives: Worst,
Than,
That's,
The,
Their,
Then,
There,
These,
They're,
This,
Those,
Throne,
Thrown,
To,
Too,
Two,
Two Adjectives,
Verb Mood Shift,
Verb Tense Shift,
Won't,
You're,
Your,
Yourself,
Yourselves,