ID,Name,Flag,,,,,,,,,,,,,,,,,,,,,,,
1664,Starter Growth Diagnostic (Post),Private,,,,,,,,,,,,,,,,,,,,,,,
1669,Intermediate Growth Diagnostic (Post),Private,,,,,,,,,,,,,,,,,,,,,,,
1680,Advanced Growth Diagnostic (Post),Private,,,,,,,,,,,,,,,,,,,,,,,
1774,ELL Starter Growth Diagnostic (Post),Private,,,,,,,,,,,,,,,,,,,,,,,
1814,ELL Intermediate Growth Diagnostic (Post),Private,,,,,,,,,,,,,,,,,,,,,,,
1818,ELL Advanced Growth Diagnostic (Post),Private,,,,,,,,,,,,,,,,,,,,,,,
1663,Starter Baseline Diagnostic (Pre),Production,,,,,,,,,,,,,,,,,,,,,,,
1668,Intermediate Baseline Diagnostic (Pre),Production,,,,,,,,,,,,,,,,,,,,,,,
1678,Advanced Baseline Diagnostic (Pre),Production,,,,,,,,,,,,,,,,,,,,,,,
